CREATE TABLE SALESMAN(
    SALESMAN_ID INT PRIMARY KEY,
    NAME VARCHAR(250),
    CITY VARCHAR(250),
    COMMISSION VARCHAR(250)
);

CREATE TABLE CUSTOMER(
    CUSTOMER_ID INT PRIMARY KEY,
    CUST_NAME VARCHAR(250),
    CITY VARCHAR(250),
    GRADE INT,
    SALESMAN_ID INT,
    FOREIGN KEY (SALESMAN_ID) REFERENCES SALESMAN(SALESMAN_ID)
);

CREATE TABLE ORDERS(
    ORD_NO INT PRIMARY KEY,
    PURCHASE_AMT INT,
    ORD_DATE DATE,
    CUSTOMER_ID INT,
    SALESMAN_ID INT,
    FOREIGN KEY (SALESMAN_ID) REFERENCES SALESMAN(SALESMAN_ID),
    FOREIGN KEY (CUSTOMER_ID) REFERENCES CUSTOMER(CUSTOMER_ID)
);

INSERT INTO SALESMAN VALUES(1, 'John Doe', 'Bangalore', 0.10);
INSERT INTO SALESMAN VALUES(2, 'Jane Smith', 'Mumbai', 0.12);
INSERT INTO SALESMAN VALUES(3, 'Robert Brown', 'Bangalore', 0.08);
INSERT INTO SALESMAN VALUES(4, 'Emily White', 'Delhi', 0.15);
INSERT INTO SALESMAN VALUES(5, 'Michael Green', 'Bangalore', 0.10);

INSERT INTO CUSTOMER VALUES(101, 'Alice Kumar', 'Bangalore', 15, 1);
INSERT INTO CUSTOMER VALUES(102, 'Bob Singh', 'Mumbai', 12, 2);
INSERT INTO CUSTOMER VALUES(103, 'Charlie Yadav', 'Bangalore', 17, 1);
INSERT INTO CUSTOMER VALUES(104, 'Daisy Mehta', 'Delhi', 10, 4);
INSERT INTO CUSTOMER VALUES(105, 'Eva Patel', 'Bangalore', 18, 3);
INSERT INTO CUSTOMER VALUES(106, 'Frank Sharma', 'Bangalore', 14, 5);
INSERT INTO CUSTOMER VALUES(107, 'George Nair', 'Chennai', 16, 2);
INSERT INTO CUSTOMER VALUES(108, 'Helen Wilson', 'Delhi', 19, 4);
INSERT INTO CUSTOMER VALUES(109, 'Ivan Fernandez', 'Bangalore', 12, 5);

INSERT INTO ORDERS VALUES 
(201, 5000, '2024-10-01', 101, 1),
(202, 12000, '2024-10-01', 102, 2),
(203, 8000, '2024-10-02', 103, 1),
(204, 15000, '2024-10-02', 105, 3),
(205, 7000, '2024-10-03', 107, 2),
(206, 16000, '2024-10-03', 108, 4),
(207, 10000, '2024-10-04', 106, 5),
(208, 2500, '2024-10-04', 109, 5),
(209, 11000, '2024-10-05', 104, 4),
(210, 13000, '2024-10-05', 101, 1);


-- For Oracle PLSQL:
-- INSERT INTO ORDERS VALUES(201, 5000, TO_DATE('2024-10-01', 'YYYY-MM-DD'), 101, 1);
-- INSERT INTO ORDERS VALUES(202, 12000, TO_DATE('2024-10-01', 'YYYY-MM-DD'), 102, 2);
-- INSERT INTO ORDERS VALUES(203, 8000, TO_DATE('2024-10-02', 'YYYY-MM-DD'), 103, 1);
-- INSERT INTO ORDERS VALUES(204, 15000, TO_DATE('2024-10-02', 'YYYY-MM-DD'), 105, 3);
-- INSERT INTO ORDERS VALUES(205, 7000, TO_DATE('2024-10-03', 'YYYY-MM-DD'), 107, 2);
-- INSERT INTO ORDERS VALUES(206, 16000, TO_DATE('2024-10-03', 'YYYY-MM-DD'), 108, 4);
-- INSERT INTO ORDERS VALUES(207, 10000, TO_DATE('2024-10-04', 'YYYY-MM-DD'), 106, 5);
-- INSERT INTO ORDERS VALUES(208, 2500, TO_DATE('2024-10-04', 'YYYY-MM-DD'), 109, 5);
-- INSERT INTO ORDERS VALUES(209, 11000, TO_DATE('2024-10-05', 'YYYY-MM-DD'), 104, 4);
-- INSERT INTO ORDERS VALUES(210, 13000, TO_DATE('2024-10-05', 'YYYY-MM-DD'), 101, 1);
